epic_id,epic_title,phase,epic_priority,story_id,story_title,persona,story_value,story_priority,story_points,depends_on,acceptance_criteria,task_id,task_title,component,task_estimate_days
E0,Engineering Foundation,Sprint 0,P0,US-0001,Bootstrap monorepo,Developer,all apps build from one documented repository,P0,3,,"Repo contains web, core-api, ai-service, worker, infrastructure, docs and tests roots. | Local README documents supported toolchain and startup commands.",US-0001-T01,Create monorepo directories and root conventions,Platform,1
E0,Engineering Foundation,Sprint 0,P0,US-0001,Bootstrap monorepo,Developer,all apps build from one documented repository,P0,3,,"Repo contains web, core-api, ai-service, worker, infrastructure, docs and tests roots. | Local README documents supported toolchain and startup commands.",US-0001-T02,Create Spring Boot Core skeleton,Core,1
E0,Engineering Foundation,Sprint 0,P0,US-0001,Bootstrap monorepo,Developer,all apps build from one documented repository,P0,3,,"Repo contains web, core-api, ai-service, worker, infrastructure, docs and tests roots. | Local README documents supported toolchain and startup commands.",US-0001-T03,Create FastAPI service skeleton,AI,1
E0,Engineering Foundation,Sprint 0,P0,US-0001,Bootstrap monorepo,Developer,all apps build from one documented repository,P0,3,,"Repo contains web, core-api, ai-service, worker, infrastructure, docs and tests roots. | Local README documents supported toolchain and startup commands.",US-0001-T04,Create worker skeleton,Worker,1
E0,Engineering Foundation,Sprint 0,P0,US-0001,Bootstrap monorepo,Developer,all apps build from one documented repository,P0,3,,"Repo contains web, core-api, ai-service, worker, infrastructure, docs and tests roots. | Local README documents supported toolchain and startup commands.",US-0001-T05,Create Next.js web skeleton,Web,1
E0,Engineering Foundation,Sprint 0,P0,US-0001,Bootstrap monorepo,Developer,all apps build from one documented repository,P0,3,,"Repo contains web, core-api, ai-service, worker, infrastructure, docs and tests roots. | Local README documents supported toolchain and startup commands.",US-0001-T06,"Add editorconfig, formatters and lint configs",Platform,1
E0,Engineering Foundation,Sprint 0,P0,US-0002,Local infrastructure with Docker Compose,Developer,run all required local dependencies predictably,P0,5,US-0001,"Docker Compose starts PostgreSQL/pgvector, Redis, RabbitMQ and MinIO. | Health checks make dependency readiness observable. | Local secrets are example-only and not production credentials.",US-0002-T01,Add PostgreSQL pgvector container and init scripts,Platform,1
E0,Engineering Foundation,Sprint 0,P0,US-0002,Local infrastructure with Docker Compose,Developer,run all required local dependencies predictably,P0,5,US-0001,"Docker Compose starts PostgreSQL/pgvector, Redis, RabbitMQ and MinIO. | Health checks make dependency readiness observable. | Local secrets are example-only and not production credentials.",US-0002-T02,"Add Redis, RabbitMQ and MinIO services",Platform,1
E0,Engineering Foundation,Sprint 0,P0,US-0002,Local infrastructure with Docker Compose,Developer,run all required local dependencies predictably,P0,5,US-0001,"Docker Compose starts PostgreSQL/pgvector, Redis, RabbitMQ and MinIO. | Health checks make dependency readiness observable. | Local secrets are example-only and not production credentials.",US-0002-T03,Add health checks and named volumes,Platform,1
E0,Engineering Foundation,Sprint 0,P0,US-0002,Local infrastructure with Docker Compose,Developer,run all required local dependencies predictably,P0,5,US-0001,"Docker Compose starts PostgreSQL/pgvector, Redis, RabbitMQ and MinIO. | Health checks make dependency readiness observable. | Local secrets are example-only and not production credentials.",US-0002-T04,Create .env.example and configuration docs,Platform,1
E0,Engineering Foundation,Sprint 0,P0,US-0002,Local infrastructure with Docker Compose,Developer,run all required local dependencies predictably,P0,5,US-0001,"Docker Compose starts PostgreSQL/pgvector, Redis, RabbitMQ and MinIO. | Health checks make dependency readiness observable. | Local secrets are example-only and not production credentials.",US-0002-T05,Add one-command local startup smoke script,Platform,1
E0,Engineering Foundation,Sprint 0,P0,US-0003,CI quality gate,Developer,"catch formatting, test and contract failures before merge",P0,5,US-0001,"Pull requests run format/lint, unit tests and YAML/JSON contract parsing. | Build fails on architecture rule violations once Core modules exist.",US-0003-T01,Create GitHub Actions workflow for Java,DevOps,1
E0,Engineering Foundation,Sprint 0,P0,US-0003,CI quality gate,Developer,"catch formatting, test and contract failures before merge",P0,5,US-0001,"Pull requests run format/lint, unit tests and YAML/JSON contract parsing. | Build fails on architecture rule violations once Core modules exist.",US-0003-T02,Create Python lint/test workflow,DevOps,1
E0,Engineering Foundation,Sprint 0,P0,US-0003,CI quality gate,Developer,"catch formatting, test and contract failures before merge",P0,5,US-0001,"Pull requests run format/lint, unit tests and YAML/JSON contract parsing. | Build fails on architecture rule violations once Core modules exist.",US-0003-T03,Create TypeScript lint/test workflow,DevOps,1
E0,Engineering Foundation,Sprint 0,P0,US-0003,CI quality gate,Developer,"catch formatting, test and contract failures before merge",P0,5,US-0001,"Pull requests run format/lint, unit tests and YAML/JSON contract parsing. | Build fails on architecture rule violations once Core modules exist.",US-0003-T04,Add OpenAPI/AsyncAPI/JSON schema parsing checks,DevOps,1
E0,Engineering Foundation,Sprint 0,P0,US-0003,CI quality gate,Developer,"catch formatting, test and contract failures before merge",P0,5,US-0001,"Pull requests run format/lint, unit tests and YAML/JSON contract parsing. | Build fails on architecture rule violations once Core modules exist.",US-0003-T05,Cache build dependencies safely,DevOps,1
E0,Engineering Foundation,Sprint 0,P0,US-0004,Database migration baseline,Developer,have one controlled owner for schema evolution,P0,3,US-0002,Initial migration creates required extensions/tables/indexes. | Migration can run from empty DB repeatedly in CI.,US-0004-T01,Choose Flyway or Liquibase and configure Core,Core,1
E0,Engineering Foundation,Sprint 0,P0,US-0004,Database migration baseline,Developer,have one controlled owner for schema evolution,P0,3,US-0002,Initial migration creates required extensions/tables/indexes. | Migration can run from empty DB repeatedly in CI.,US-0004-T02,Translate Phase 0 schema.sql into V1 migration,Database,2
E0,Engineering Foundation,Sprint 0,P0,US-0004,Database migration baseline,Developer,have one controlled owner for schema evolution,P0,3,US-0002,Initial migration creates required extensions/tables/indexes. | Migration can run from empty DB repeatedly in CI.,US-0004-T03,Add migration integration test on clean PostgreSQL,Test,1
E1,Identity & Tenant Isolation,Sprint 1,P0,US-0101,Register and login,Learner,create an account and obtain a secure session,P0,5,US-0004,Valid registration creates active user and tokens. | Passwords are hashed; duplicate email is rejected. | Invalid credentials return stable error without leaking which field was wrong.,US-0101-T01,Implement User aggregate/repository,Core,2
E1,Identity & Tenant Isolation,Sprint 1,P0,US-0101,Register and login,Learner,create an account and obtain a secure session,P0,5,US-0004,Valid registration creates active user and tokens. | Passwords are hashed; duplicate email is rejected. | Invalid credentials return stable error without leaking which field was wrong.,US-0101-T02,Implement password hashing policy,Security,1
E1,Identity & Tenant Isolation,Sprint 1,P0,US-0101,Register and login,Learner,create an account and obtain a secure session,P0,5,US-0004,Valid registration creates active user and tokens. | Passwords are hashed; duplicate email is rejected. | Invalid credentials return stable error without leaking which field was wrong.,US-0101-T03,Implement register/login commands and controller,Core,2
E1,Identity & Tenant Isolation,Sprint 1,P0,US-0101,Register and login,Learner,create an account and obtain a secure session,P0,5,US-0004,Valid registration creates active user and tokens. | Passwords are hashed; duplicate email is rejected. | Invalid credentials return stable error without leaking which field was wrong.,US-0101-T04,Implement JWT access token service,Security,2
E1,Identity & Tenant Isolation,Sprint 1,P0,US-0101,Register and login,Learner,create an account and obtain a secure session,P0,5,US-0004,Valid registration creates active user and tokens. | Passwords are hashed; duplicate email is rejected. | Invalid credentials return stable error without leaking which field was wrong.,US-0101-T05,Add auth integration/negative tests,Test,2
E1,Identity & Tenant Isolation,Sprint 1,P0,US-0102,Refresh token rotation and logout,Learner,remain signed in safely and revoke sessions,P0,5,US-0101,Refresh token is stored hashed and rotated on use. | Reusing a revoked token is rejected. | Logout revokes the target refresh session.,US-0102-T01,Implement RefreshSession domain model,Core,1
E1,Identity & Tenant Isolation,Sprint 1,P0,US-0102,Refresh token rotation and logout,Learner,remain signed in safely and revoke sessions,P0,5,US-0101,Refresh token is stored hashed and rotated on use. | Reusing a revoked token is rejected. | Logout revokes the target refresh session.,US-0102-T02,Implement hashed refresh token persistence,Security,1
E1,Identity & Tenant Isolation,Sprint 1,P0,US-0102,Refresh token rotation and logout,Learner,remain signed in safely and revoke sessions,P0,5,US-0101,Refresh token is stored hashed and rotated on use. | Reusing a revoked token is rejected. | Logout revokes the target refresh session.,US-0102-T03,Implement rotate/revoke flow,Core,2
E1,Identity & Tenant Isolation,Sprint 1,P0,US-0102,Refresh token rotation and logout,Learner,remain signed in safely and revoke sessions,P0,5,US-0101,Refresh token is stored hashed and rotated on use. | Reusing a revoked token is rejected. | Logout revokes the target refresh session.,US-0102-T04,Add token expiry/rotation tests,Test,2
E1,Identity & Tenant Isolation,Sprint 1,P0,US-0103,Workspace membership and RBAC,Learner,access only workspaces where I am a member,P0,8,US-0101,Workspace creator is OWNER. | Non-member cannot read or mutate workspace resources. | Role checks are reusable across modules.,US-0103-T01,Implement Workspace and WorkspaceMember aggregates,Core,2
E1,Identity & Tenant Isolation,Sprint 1,P0,US-0103,Workspace membership and RBAC,Learner,access only workspaces where I am a member,P0,8,US-0101,Workspace creator is OWNER. | Non-member cannot read or mutate workspace resources. | Role checks are reusable across modules.,US-0103-T02,Implement WorkspaceAuthorization application interface,Core,2
E1,Identity & Tenant Isolation,Sprint 1,P0,US-0103,Workspace membership and RBAC,Learner,access only workspaces where I am a member,P0,8,US-0101,Workspace creator is OWNER. | Non-member cannot read or mutate workspace resources. | Role checks are reusable across modules.,US-0103-T03,Implement workspace endpoints,Core,2
E1,Identity & Tenant Isolation,Sprint 1,P0,US-0103,Workspace membership and RBAC,Learner,access only workspaces where I am a member,P0,8,US-0101,Workspace creator is OWNER. | Non-member cannot read or mutate workspace resources. | Role checks are reusable across modules.,US-0103-T04,Add authorization matrix tests,Security,3
E1,Identity & Tenant Isolation,Sprint 1,P0,US-0103,Workspace membership and RBAC,Learner,access only workspaces where I am a member,P0,8,US-0101,Workspace creator is OWNER. | Non-member cannot read or mutate workspace resources. | Role checks are reusable across modules.,US-0103-T05,Add audit event for membership changes,Observability,1
E1,Identity & Tenant Isolation,Sprint 1,P0,US-0104,Google OAuth sign-in,Learner,sign in using an external identity without weakening StudyOS authorization,P1,5,US-0101,External subject maps to one internal user identity. | OAuth provider claims never directly grant workspace access.,US-0104-T01,Add OAuth provider adapter,Core,2
E1,Identity & Tenant Isolation,Sprint 1,P0,US-0104,Google OAuth sign-in,Learner,sign in using an external identity without weakening StudyOS authorization,P1,5,US-0101,External subject maps to one internal user identity. | OAuth provider claims never directly grant workspace access.,US-0104-T02,Implement identity linking rules,Core,2
E1,Identity & Tenant Isolation,Sprint 1,P0,US-0104,Google OAuth sign-in,Learner,sign in using an external identity without weakening StudyOS authorization,P1,5,US-0101,External subject maps to one internal user identity. | OAuth provider claims never directly grant workspace access.,US-0104-T03,Add callback/error handling,Web,1
E1,Identity & Tenant Isolation,Sprint 1,P0,US-0104,Google OAuth sign-in,Learner,sign in using an external identity without weakening StudyOS authorization,P1,5,US-0101,External subject maps to one internal user identity. | OAuth provider claims never directly grant workspace access.,US-0104-T04,Test account/link collision cases,Test,2
E2,Workspace & Notebook,Sprint 1-2,P0,US-0201,Create and manage notebooks,Learner,organize one learning topic and goal,P0,5,US-0103,Member can create/list/read/update/archive notebooks in workspace. | Cross-workspace notebook IDs are forbidden/not found safely.,US-0201-T01,Implement Notebook aggregate and repository,Core,2
E2,Workspace & Notebook,Sprint 1-2,P0,US-0201,Create and manage notebooks,Learner,organize one learning topic and goal,P0,5,US-0103,Member can create/list/read/update/archive notebooks in workspace. | Cross-workspace notebook IDs are forbidden/not found safely.,US-0201-T02,Implement notebook application service,Core,1
E2,Workspace & Notebook,Sprint 1-2,P0,US-0201,Create and manage notebooks,Learner,organize one learning topic and goal,P0,5,US-0103,Member can create/list/read/update/archive notebooks in workspace. | Cross-workspace notebook IDs are forbidden/not found safely.,US-0201-T03,Implement REST endpoints from OpenAPI,Core,2
E2,Workspace & Notebook,Sprint 1-2,P0,US-0201,Create and manage notebooks,Learner,organize one learning topic and goal,P0,5,US-0103,Member can create/list/read/update/archive notebooks in workspace. | Cross-workspace notebook IDs are forbidden/not found safely.,US-0201-T04,Add indexes/query tests,Database,1
E2,Workspace & Notebook,Sprint 1-2,P0,US-0201,Create and manage notebooks,Learner,organize one learning topic and goal,P0,5,US-0103,Member can create/list/read/update/archive notebooks in workspace. | Cross-workspace notebook IDs are forbidden/not found safely.,US-0201-T05,Build notebook list/create UI,Web,2
E2,Workspace & Notebook,Sprint 1-2,P0,US-0202,Notebook goal metadata,Learner,state what I am trying to learn so later recommendations have context,P1,3,US-0201,Notebook can store goal text separately from title/description. | Goal metadata is returned to AI only through server-created context.,US-0202-T01,Add goalText validation and persistence,Core,1
E2,Workspace & Notebook,Sprint 1-2,P0,US-0202,Notebook goal metadata,Learner,state what I am trying to learn so later recommendations have context,P1,3,US-0201,Notebook can store goal text separately from title/description. | Goal metadata is returned to AI only through server-created context.,US-0202-T02,Add notebook settings UI,Web,1
E2,Workspace & Notebook,Sprint 1-2,P0,US-0202,Notebook goal metadata,Learner,state what I am trying to learn so later recommendations have context,P1,3,US-0201,Notebook can store goal text separately from title/description. | Goal metadata is returned to AI only through server-created context.,US-0202-T03,Add contract/integration tests,Test,1
E3,Source Ingestion Platform,Sprint 2-4,P0,US-0301,Presigned PDF upload,Learner,upload a document without tying up the Core API process,P0,8,US-0201,"Upload-init validates membership, MIME, size and quota. | Browser uploads using short-lived signed URL. | Upload-complete queues processing only after source/object checks.",US-0301-T01,Implement Source/SourceVersion aggregates and state machine,Core,3
E3,Source Ingestion Platform,Sprint 2-4,P0,US-0301,Presigned PDF upload,Learner,upload a document without tying up the Core API process,P0,8,US-0201,"Upload-init validates membership, MIME, size and quota. | Browser uploads using short-lived signed URL. | Upload-complete queues processing only after source/object checks.",US-0301-T02,Implement ObjectStoragePort and MinIO/S3 adapter,Core,2
E3,Source Ingestion Platform,Sprint 2-4,P0,US-0301,Presigned PDF upload,Learner,upload a document without tying up the Core API process,P0,8,US-0201,"Upload-init validates membership, MIME, size and quota. | Browser uploads using short-lived signed URL. | Upload-complete queues processing only after source/object checks.",US-0301-T03,Implement upload-init endpoint,Core,2
E3,Source Ingestion Platform,Sprint 2-4,P0,US-0301,Presigned PDF upload,Learner,upload a document without tying up the Core API process,P0,8,US-0201,"Upload-init validates membership, MIME, size and quota. | Browser uploads using short-lived signed URL. | Upload-complete queues processing only after source/object checks.",US-0301-T04,Implement upload-complete endpoint and checksum checks,Core,2
E3,Source Ingestion Platform,Sprint 2-4,P0,US-0301,Presigned PDF upload,Learner,upload a document without tying up the Core API process,P0,8,US-0201,"Upload-init validates membership, MIME, size and quota. | Browser uploads using short-lived signed URL. | Upload-complete queues processing only after source/object checks.",US-0301-T05,Build upload UI with status polling,Web,2
E3,Source Ingestion Platform,Sprint 2-4,P0,US-0301,Presigned PDF upload,Learner,upload a document without tying up the Core API process,P0,8,US-0201,"Upload-init validates membership, MIME, size and quota. | Browser uploads using short-lived signed URL. | Upload-complete queues processing only after source/object checks.",US-0301-T06,Add file size/MIME/security tests,Security,2
E3,Source Ingestion Platform,Sprint 2-4,P0,US-0302,Transactional outbox publisher,Platform,never lose a source-processing request after database commit,P0,8,US-0301,Source queue transition and outbox insert commit atomically. | Publisher marks event published only after broker confirm. | Restarting publisher does not lose unpublished rows.,US-0302-T01,Implement outbox entity/repository,Core,2
E3,Source Ingestion Platform,Sprint 2-4,P0,US-0302,Transactional outbox publisher,Platform,never lose a source-processing request after database commit,P0,8,US-0301,Source queue transition and outbox insert commit atomically. | Publisher marks event published only after broker confirm. | Restarting publisher does not lose unpublished rows.,US-0302-T02,Implement outbox insertion in source transaction,Core,1
E3,Source Ingestion Platform,Sprint 2-4,P0,US-0302,Transactional outbox publisher,Platform,never lose a source-processing request after database commit,P0,8,US-0301,Source queue transition and outbox insert commit atomically. | Publisher marks event published only after broker confirm. | Restarting publisher does not lose unpublished rows.,US-0302-T03,Implement publisher batching with SKIP LOCKED,Core,2
E3,Source Ingestion Platform,Sprint 2-4,P0,US-0302,Transactional outbox publisher,Platform,never lose a source-processing request after database commit,P0,8,US-0301,Source queue transition and outbox insert commit atomically. | Publisher marks event published only after broker confirm. | Restarting publisher does not lose unpublished rows.,US-0302-T04,Enable RabbitMQ publisher confirms,Messaging,1
E3,Source Ingestion Platform,Sprint 2-4,P0,US-0302,Transactional outbox publisher,Platform,never lose a source-processing request after database commit,P0,8,US-0301,Source queue transition and outbox insert commit atomically. | Publisher marks event published only after broker confirm. | Restarting publisher does not lose unpublished rows.,US-0302-T05,Add crash/retry integration tests,Test,3
E3,Source Ingestion Platform,Sprint 2-4,P0,US-0303,PDF parse and normalize worker,Learner,convert uploaded PDF into structured text while preserving provenance,P0,8,US-0302,Worker consumes parse request idempotently. | Normalized output preserves section/page information where parser provides it. | Corrupt/unsupported documents become explicit FAILED state.,US-0303-T01,Implement RabbitMQ consumer foundation,Worker,2
E3,Source Ingestion Platform,Sprint 2-4,P0,US-0303,PDF parse and normalize worker,Learner,convert uploaded PDF into structured text while preserving provenance,P0,8,US-0302,Worker consumes parse request idempotently. | Normalized output preserves section/page information where parser provides it. | Corrupt/unsupported documents become explicit FAILED state.,US-0303-T02,Implement processed_events idempotency helper,Worker,2
E3,Source Ingestion Platform,Sprint 2-4,P0,US-0303,PDF parse and normalize worker,Learner,convert uploaded PDF into structured text while preserving provenance,P0,8,US-0302,Worker consumes parse request idempotently. | Normalized output preserves section/page information where parser provides it. | Corrupt/unsupported documents become explicit FAILED state.,US-0303-T03,Implement PDF parser adapter,Worker,3
E3,Source Ingestion Platform,Sprint 2-4,P0,US-0303,PDF parse and normalize worker,Learner,convert uploaded PDF into structured text while preserving provenance,P0,8,US-0302,Worker consumes parse request idempotently. | Normalized output preserves section/page information where parser provides it. | Corrupt/unsupported documents become explicit FAILED state.,US-0303-T04,Define normalized document schema,AI,2
E3,Source Ingestion Platform,Sprint 2-4,P0,US-0303,PDF parse and normalize worker,Learner,convert uploaded PDF into structured text while preserving provenance,P0,8,US-0302,Worker consumes parse request idempotently. | Normalized output preserves section/page information where parser provides it. | Corrupt/unsupported documents become explicit FAILED state.,US-0303-T05,Write normalized artifact to object storage,Worker,1
E3,Source Ingestion Platform,Sprint 2-4,P0,US-0303,PDF parse and normalize worker,Learner,convert uploaded PDF into structured text while preserving provenance,P0,8,US-0302,Worker consumes parse request idempotently. | Normalized output preserves section/page information where parser provides it. | Corrupt/unsupported documents become explicit FAILED state.,US-0303-T06,Publish source.parsed/source.failed events,Worker,1
E3,Source Ingestion Platform,Sprint 2-4,P0,US-0303,PDF parse and normalize worker,Learner,convert uploaded PDF into structured text while preserving provenance,P0,8,US-0302,Worker consumes parse request idempotently. | Normalized output preserves section/page information where parser provides it. | Corrupt/unsupported documents become explicit FAILED state.,US-0303-T07,Add parser fixture tests,Test,2
E3,Source Ingestion Platform,Sprint 2-4,P0,US-0304,Chunk and embedding index,Learner,make normalized source retrievable by semantic and lexical search,P0,8,US-0303,Chunks are deterministic and linked to page/section/time metadata. | Duplicate event does not create duplicate chunks. | Each chunk has embedding/config version and FTS representation.,US-0304-T01,Implement section-aware chunker,AI,3
E3,Source Ingestion Platform,Sprint 2-4,P0,US-0304,Chunk and embedding index,Learner,make normalized source retrievable by semantic and lexical search,P0,8,US-0303,Chunks are deterministic and linked to page/section/time metadata. | Duplicate event does not create duplicate chunks. | Each chunk has embedding/config version and FTS representation.,US-0304-T02,Implement embedding provider interface,AI,2
E3,Source Ingestion Platform,Sprint 2-4,P0,US-0304,Chunk and embedding index,Learner,make normalized source retrievable by semantic and lexical search,P0,8,US-0303,Chunks are deterministic and linked to page/section/time metadata. | Duplicate event does not create duplicate chunks. | Each chunk has embedding/config version and FTS representation.,US-0304-T03,Implement index worker and batch embeddings,Worker,3
E3,Source Ingestion Platform,Sprint 2-4,P0,US-0304,Chunk and embedding index,Learner,make normalized source retrievable by semantic and lexical search,P0,8,US-0303,Chunks are deterministic and linked to page/section/time metadata. | Duplicate event does not create duplicate chunks. | Each chunk has embedding/config version and FTS representation.,US-0304-T04,Persist chunks/pgvector records idempotently,Database,2
E3,Source Ingestion Platform,Sprint 2-4,P0,US-0304,Chunk and embedding index,Learner,make normalized source retrievable by semantic and lexical search,P0,8,US-0303,Chunks are deterministic and linked to page/section/time metadata. | Duplicate event does not create duplicate chunks. | Each chunk has embedding/config version and FTS representation.,US-0304-T05,Create FTS/vector indexes and explain plans,Database,2
E3,Source Ingestion Platform,Sprint 2-4,P0,US-0304,Chunk and embedding index,Learner,make normalized source retrievable by semantic and lexical search,P0,8,US-0303,Chunks are deterministic and linked to page/section/time metadata. | Duplicate event does not create duplicate chunks. | Each chunk has embedding/config version and FTS representation.,US-0304-T06,Publish source.indexed event,Worker,1
E3,Source Ingestion Platform,Sprint 2-4,P0,US-0305,Concept enrichment and READY transition,Learner,have source concepts available for later learning features,P1,8,US-0304,Concept candidates retain supporting chunk IDs and confidence. | Duplicate normalized concepts merge deterministically within notebook. | Core marks source READY only on valid completion event.,US-0305-T01,Implement concept extraction schema/prompt,AI,3
E3,Source Ingestion Platform,Sprint 2-4,P0,US-0305,Concept enrichment and READY transition,Learner,have source concepts available for later learning features,P1,8,US-0304,Concept candidates retain supporting chunk IDs and confidence. | Duplicate normalized concepts merge deterministically within notebook. | Core marks source READY only on valid completion event.,US-0305-T02,Implement concept normalization/merge,AI,2
E3,Source Ingestion Platform,Sprint 2-4,P0,US-0305,Concept enrichment and READY transition,Learner,have source concepts available for later learning features,P1,8,US-0304,Concept candidates retain supporting chunk IDs and confidence. | Duplicate normalized concepts merge deterministically within notebook. | Core marks source READY only on valid completion event.,US-0305-T03,Persist concepts/chunk_concepts safely,Database,2
E3,Source Ingestion Platform,Sprint 2-4,P0,US-0305,Concept enrichment and READY transition,Learner,have source concepts available for later learning features,P1,8,US-0304,Concept candidates retain supporting chunk IDs and confidence. | Duplicate normalized concepts merge deterministically within notebook. | Core marks source READY only on valid completion event.,US-0305-T04,Publish source.ready.v1,Worker,1
E3,Source Ingestion Platform,Sprint 2-4,P0,US-0305,Concept enrichment and READY transition,Learner,have source concepts available for later learning features,P1,8,US-0304,Concept candidates retain supporting chunk IDs and confidence. | Duplicate normalized concepts merge deterministically within notebook. | Core marks source READY only on valid completion event.,US-0305-T05,Implement Core source event consumer/state validation,Core,2
E3,Source Ingestion Platform,Sprint 2-4,P0,US-0306,URL and raw text sources,Learner,add useful material without file upload,P1,5,US-0302,WEB/RAW source respects same notebook scope and state model. | HTML is sanitized/normalized as untrusted content.,US-0306-T01,Implement raw text source endpoint,Core,1
E3,Source Ingestion Platform,Sprint 2-4,P0,US-0306,URL and raw text sources,Learner,add useful material without file upload,P1,5,US-0302,WEB/RAW source respects same notebook scope and state model. | HTML is sanitized/normalized as untrusted content.,US-0306-T02,Implement safe URL fetch policy/SSRF controls,Security,3
E3,Source Ingestion Platform,Sprint 2-4,P0,US-0306,URL and raw text sources,Learner,add useful material without file upload,P1,5,US-0302,WEB/RAW source respects same notebook scope and state model. | HTML is sanitized/normalized as untrusted content.,US-0306-T03,Implement HTML extraction/sanitization worker,Worker,2
E3,Source Ingestion Platform,Sprint 2-4,P0,US-0306,URL and raw text sources,Learner,add useful material without file upload,P1,5,US-0302,WEB/RAW source respects same notebook scope and state model. | HTML is sanitized/normalized as untrusted content.,US-0306-T04,Add URL content tests and block private-network targets,Test,2
E4,Retrieval & Grounded Chat,Sprint 5-7,P0,US-0401,Hybrid retrieval baseline,Learner,retrieve the most relevant source evidence for a question,P0,8,US-0304,Retrieval always applies workspace/notebook filters. | Vector and lexical results are fused into one ranked candidate list. | Debug mode exposes scores/config version to trusted users/tests.,US-0401-T01,Implement tenant-scoped chunk repository,AI,2
E4,Retrieval & Grounded Chat,Sprint 5-7,P0,US-0401,Hybrid retrieval baseline,Learner,retrieve the most relevant source evidence for a question,P0,8,US-0304,Retrieval always applies workspace/notebook filters. | Vector and lexical results are fused into one ranked candidate list. | Debug mode exposes scores/config version to trusted users/tests.,US-0401-T02,Implement query embedding,AI,1
E4,Retrieval & Grounded Chat,Sprint 5-7,P0,US-0401,Hybrid retrieval baseline,Learner,retrieve the most relevant source evidence for a question,P0,8,US-0304,Retrieval always applies workspace/notebook filters. | Vector and lexical results are fused into one ranked candidate list. | Debug mode exposes scores/config version to trusted users/tests.,US-0401-T03,Implement vector search,AI,2
E4,Retrieval & Grounded Chat,Sprint 5-7,P0,US-0401,Hybrid retrieval baseline,Learner,retrieve the most relevant source evidence for a question,P0,8,US-0304,Retrieval always applies workspace/notebook filters. | Vector and lexical results are fused into one ranked candidate list. | Debug mode exposes scores/config version to trusted users/tests.,US-0401-T04,Implement PostgreSQL FTS search,AI,2
E4,Retrieval & Grounded Chat,Sprint 5-7,P0,US-0401,Hybrid retrieval baseline,Learner,retrieve the most relevant source evidence for a question,P0,8,US-0304,Retrieval always applies workspace/notebook filters. | Vector and lexical results are fused into one ranked candidate list. | Debug mode exposes scores/config version to trusted users/tests.,US-0401-T05,Implement reciprocal-rank fusion,AI,2
E4,Retrieval & Grounded Chat,Sprint 5-7,P0,US-0401,Hybrid retrieval baseline,Learner,retrieve the most relevant source evidence for a question,P0,8,US-0304,Retrieval always applies workspace/notebook filters. | Vector and lexical results are fused into one ranked candidate list. | Debug mode exposes scores/config version to trusted users/tests.,US-0401-T06,Add retrieval unit/integration dataset tests,Test,2
E4,Retrieval & Grounded Chat,Sprint 5-7,P0,US-0402,Grounded answer and citation validation,Learner,verify where AI claims come from,P0,8,US-0401,"Model receives only citation keys assigned by server. | Every returned citation key maps to a retrieved chunk. | Insufficient evidence produces explicit fallback, not invented citations.",US-0402-T01,Implement context budgeter/citation-key assignment,AI,2
E4,Retrieval & Grounded Chat,Sprint 5-7,P0,US-0402,Grounded answer and citation validation,Learner,verify where AI claims come from,P0,8,US-0401,"Model receives only citation keys assigned by server. | Every returned citation key maps to a retrieved chunk. | Insufficient evidence produces explicit fallback, not invented citations.",US-0402-T02,Implement grounded answer structured schema,AI,2
E4,Retrieval & Grounded Chat,Sprint 5-7,P0,US-0402,Grounded answer and citation validation,Learner,verify where AI claims come from,P0,8,US-0401,"Model receives only citation keys assigned by server. | Every returned citation key maps to a retrieved chunk. | Insufficient evidence produces explicit fallback, not invented citations.",US-0402-T03,Implement citation validator,AI,2
E4,Retrieval & Grounded Chat,Sprint 5-7,P0,US-0402,Grounded answer and citation validation,Learner,verify where AI claims come from,P0,8,US-0401,"Model receives only citation keys assigned by server. | Every returned citation key maps to a retrieved chunk. | Insufficient evidence produces explicit fallback, not invented citations.",US-0402-T04,Implement source metadata materialization in Core,Core,2
E4,Retrieval & Grounded Chat,Sprint 5-7,P0,US-0402,Grounded answer and citation validation,Learner,verify where AI claims come from,P0,8,US-0401,"Model receives only citation keys assigned by server. | Every returned citation key maps to a retrieved chunk. | Insufficient evidence produces explicit fallback, not invented citations.",US-0402-T05,Add hallucinated-citation adversarial tests,Security,2
E4,Retrieval & Grounded Chat,Sprint 5-7,P0,US-0403,Conversation persistence,Learner,keep durable chat history per notebook,P0,5,US-0201,Conversation/message order is deterministic. | User can only open conversations in permitted notebook. | Feedback can be recorded per assistant message.,US-0403-T01,Implement Conversation/Message/Citation entities,Core,2
E4,Retrieval & Grounded Chat,Sprint 5-7,P0,US-0403,Conversation persistence,Learner,keep durable chat history per notebook,P0,5,US-0201,Conversation/message order is deterministic. | User can only open conversations in permitted notebook. | Feedback can be recorded per assistant message.,US-0403-T02,Implement conversation REST endpoints,Core,2
E4,Retrieval & Grounded Chat,Sprint 5-7,P0,US-0403,Conversation persistence,Learner,keep durable chat history per notebook,P0,5,US-0201,Conversation/message order is deterministic. | User can only open conversations in permitted notebook. | Feedback can be recorded per assistant message.,US-0403-T03,Implement message feedback endpoint,Core,1
E4,Retrieval & Grounded Chat,Sprint 5-7,P0,US-0403,Conversation persistence,Learner,keep durable chat history per notebook,P0,5,US-0201,Conversation/message order is deterministic. | User can only open conversations in permitted notebook. | Feedback can be recorded per assistant message.,US-0403-T04,Add pagination/order tests,Test,1
E4,Retrieval & Grounded Chat,Sprint 5-7,P0,US-0404,Production WebSocket chat,Learner,receive streamed AI answers and recover from transient connection loss,P0,13,US-0402;US-0403,Short-lived token authorizes exactly one permitted conversation. | Duplicate requestId does not create a second message. | Client can cancel and resume from buffered sequence. | Final message/citations remain durable after stream completion.,US-0404-T01,Implement WS token issuance,Core,2
E4,Retrieval & Grounded Chat,Sprint 5-7,P0,US-0404,Production WebSocket chat,Learner,receive streamed AI answers and recover from transient connection loss,P0,13,US-0402;US-0403,Short-lived token authorizes exactly one permitted conversation. | Duplicate requestId does not create a second message. | Client can cancel and resume from buffered sequence. | Final message/citations remain durable after stream completion.,US-0404-T02,Implement WebSocket handshake/auth/origin validation,Core,3
E4,Retrieval & Grounded Chat,Sprint 5-7,P0,US-0404,Production WebSocket chat,Learner,receive streamed AI answers and recover from transient connection loss,P0,13,US-0402;US-0403,Short-lived token authorizes exactly one permitted conversation. | Duplicate requestId does not create a second message. | Client can cancel and resume from buffered sequence. | Final message/citations remain durable after stream completion.,US-0404-T03,Implement client command parser and protocol envelope,Core,2
E4,Retrieval & Grounded Chat,Sprint 5-7,P0,US-0404,Production WebSocket chat,Learner,receive streamed AI answers and recover from transient connection loss,P0,13,US-0402;US-0403,Short-lived token authorizes exactly one permitted conversation. | Duplicate requestId does not create a second message. | Client can cancel and resume from buffered sequence. | Final message/citations remain durable after stream completion.,US-0404-T04,Implement Core -> FastAPI internal streaming client,Core,3
E4,Retrieval & Grounded Chat,Sprint 5-7,P0,US-0404,Production WebSocket chat,Learner,receive streamed AI answers and recover from transient connection loss,P0,13,US-0402;US-0403,Short-lived token authorizes exactly one permitted conversation. | Duplicate requestId does not create a second message. | Client can cancel and resume from buffered sequence. | Final message/citations remain durable after stream completion.,US-0404-T05,Implement FastAPI chat stream endpoint,AI,3
E4,Retrieval & Grounded Chat,Sprint 5-7,P0,US-0404,Production WebSocket chat,Learner,receive streamed AI answers and recover from transient connection loss,P0,13,US-0402;US-0403,Short-lived token authorizes exactly one permitted conversation. | Duplicate requestId does not create a second message. | Client can cancel and resume from buffered sequence. | Final message/citations remain durable after stream completion.,US-0404-T06,Implement sequence allocation + Redis replay buffer,Core,3
E4,Retrieval & Grounded Chat,Sprint 5-7,P0,US-0404,Production WebSocket chat,Learner,receive streamed AI answers and recover from transient connection loss,P0,13,US-0402;US-0403,Short-lived token authorizes exactly one permitted conversation. | Duplicate requestId does not create a second message. | Client can cancel and resume from buffered sequence. | Final message/citations remain durable after stream completion.,US-0404-T07,Implement cancel/reconnect/resume behavior,Core,3
E4,Retrieval & Grounded Chat,Sprint 5-7,P0,US-0404,Production WebSocket chat,Learner,receive streamed AI answers and recover from transient connection loss,P0,13,US-0402;US-0403,Short-lived token authorizes exactly one permitted conversation. | Duplicate requestId does not create a second message. | Client can cancel and resume from buffered sequence. | Final message/citations remain durable after stream completion.,US-0404-T08,Build typed WebSocket client and chat UI,Web,4
E4,Retrieval & Grounded Chat,Sprint 5-7,P0,US-0404,Production WebSocket chat,Learner,receive streamed AI answers and recover from transient connection loss,P0,13,US-0402;US-0403,Short-lived token authorizes exactly one permitted conversation. | Duplicate requestId does not create a second message. | Client can cancel and resume from buffered sequence. | Final message/citations remain durable after stream completion.,US-0404-T09,Add WS integration/concurrency tests,Test,4
E4,Retrieval & Grounded Chat,Sprint 5-7,P0,US-0405,Reranking and RAG evaluation gate,Platform,improve retrieval only when evaluation demonstrates value,P1,8,US-0401,Versioned eval dataset can compare baseline and candidate retrieval configs. | Release report includes retrieval and citation metrics plus latency/cost.,US-0405-T01,Create representative eval dataset format,AI,2
E4,Retrieval & Grounded Chat,Sprint 5-7,P0,US-0405,Reranking and RAG evaluation gate,Platform,improve retrieval only when evaluation demonstrates value,P1,8,US-0401,Versioned eval dataset can compare baseline and candidate retrieval configs. | Release report includes retrieval and citation metrics plus latency/cost.,US-0405-T02,Implement Recall@K/MRR/NDCG/context precision scripts,AI,3
E4,Retrieval & Grounded Chat,Sprint 5-7,P0,US-0405,Reranking and RAG evaluation gate,Platform,improve retrieval only when evaluation demonstrates value,P1,8,US-0401,Versioned eval dataset can compare baseline and candidate retrieval configs. | Release report includes retrieval and citation metrics plus latency/cost.,US-0405-T03,Add optional reranker adapter,AI,2
E4,Retrieval & Grounded Chat,Sprint 5-7,P0,US-0405,Reranking and RAG evaluation gate,Platform,improve retrieval only when evaluation demonstrates value,P1,8,US-0401,Versioned eval dataset can compare baseline and candidate retrieval configs. | Release report includes retrieval and citation metrics plus latency/cost.,US-0405-T04,Version retrieval configuration,AI,1
E4,Retrieval & Grounded Chat,Sprint 5-7,P0,US-0405,Reranking and RAG evaluation gate,Platform,improve retrieval only when evaluation demonstrates value,P1,8,US-0401,Versioned eval dataset can compare baseline and candidate retrieval configs. | Release report includes retrieval and citation metrics plus latency/cost.,US-0405-T05,Add CI/offline eval command and report artifact,DevOps,2
E5,Notes & Studio,Sprint 8-9,P1,US-0501,Source-linked notes,Learner,save knowledge with provenance instead of losing it in chat history,P1,5,US-0403,Note belongs to notebook/user and may reference valid citations. | Cross-notebook citation attachment is rejected.,US-0501-T01,Implement Note/NoteCitation entities,Core,2
E5,Notes & Studio,Sprint 8-9,P1,US-0501,Source-linked notes,Learner,save knowledge with provenance instead of losing it in chat history,P1,5,US-0403,Note belongs to notebook/user and may reference valid citations. | Cross-notebook citation attachment is rejected.,US-0501-T02,Implement notes CRUD and authorization,Core,2
E5,Notes & Studio,Sprint 8-9,P1,US-0501,Source-linked notes,Learner,save knowledge with provenance instead of losing it in chat history,P1,5,US-0403,Note belongs to notebook/user and may reference valid citations. | Cross-notebook citation attachment is rejected.,US-0501-T03,Build note editor with citation chips,Web,2
E5,Notes & Studio,Sprint 8-9,P1,US-0501,Source-linked notes,Learner,save knowledge with provenance instead of losing it in chat history,P1,5,US-0403,Note belongs to notebook/user and may reference valid citations. | Cross-notebook citation attachment is rejected.,US-0501-T04,Add ownership/provenance tests,Test,1
E5,Notes & Studio,Sprint 8-9,P1,US-0502,Artifact job framework,Learner,request generated study artifacts without blocking HTTP,P1,8,US-0302;US-0402,Generation request returns 202/job state. | Duplicate idempotency key returns same logical job. | Failure and retry status is visible.,US-0502-T01,Implement ArtifactJob aggregate,Core,2
E5,Notes & Studio,Sprint 8-9,P1,US-0502,Artifact job framework,Learner,request generated study artifacts without blocking HTTP,P1,8,US-0302;US-0402,Generation request returns 202/job state. | Duplicate idempotency key returns same logical job. | Failure and retry status is visible.,US-0502-T02,Implement artifact generation endpoints/outbox,Core,2
E5,Notes & Studio,Sprint 8-9,P1,US-0502,Artifact job framework,Learner,request generated study artifacts without blocking HTTP,P1,8,US-0302;US-0402,Generation request returns 202/job state. | Duplicate idempotency key returns same logical job. | Failure and retry status is visible.,US-0502-T03,Implement artifact worker dispatch,Worker,2
E5,Notes & Studio,Sprint 8-9,P1,US-0502,Artifact job framework,Learner,request generated study artifacts without blocking HTTP,P1,8,US-0302;US-0402,Generation request returns 202/job state. | Duplicate idempotency key returns same logical job. | Failure and retry status is visible.,US-0502-T04,Implement AI structured artifact contract,AI,2
E5,Notes & Studio,Sprint 8-9,P1,US-0502,Artifact job framework,Learner,request generated study artifacts without blocking HTTP,P1,8,US-0302;US-0402,Generation request returns 202/job state. | Duplicate idempotency key returns same logical job. | Failure and retry status is visible.,US-0502-T05,Implement job status endpoint/UI,Web,2
E6,Quiz & Flashcard Active Learning,Sprint 9-11,P0,US-0601,Grounded quiz generation,Learner,practice exactly the concepts supported by my selected sources,P0,8,US-0502,Question includes concept/source provenance. | Server rejects malformed/unsupported generated question payload. | Answer key is not exposed before completion where inappropriate.,US-0601-T01,Implement quiz generation prompt/schema,AI,3
E6,Quiz & Flashcard Active Learning,Sprint 9-11,P0,US-0601,Grounded quiz generation,Learner,practice exactly the concepts supported by my selected sources,P0,8,US-0502,Question includes concept/source provenance. | Server rejects malformed/unsupported generated question payload. | Answer key is not exposed before completion where inappropriate.,US-0601-T02,Implement quiz persistence mapper/validator,Core,2
E6,Quiz & Flashcard Active Learning,Sprint 9-11,P0,US-0601,Grounded quiz generation,Learner,practice exactly the concepts supported by my selected sources,P0,8,US-0502,Question includes concept/source provenance. | Server rejects malformed/unsupported generated question payload. | Answer key is not exposed before completion where inappropriate.,US-0601-T03,Implement question-concept/source linkage,Database,1
E6,Quiz & Flashcard Active Learning,Sprint 9-11,P0,US-0601,Grounded quiz generation,Learner,practice exactly the concepts supported by my selected sources,P0,8,US-0502,Question includes concept/source provenance. | Server rejects malformed/unsupported generated question payload. | Answer key is not exposed before completion where inappropriate.,US-0601-T04,Build quiz rendering UI,Web,3
E6,Quiz & Flashcard Active Learning,Sprint 9-11,P0,US-0601,Grounded quiz generation,Learner,practice exactly the concepts supported by my selected sources,P0,8,US-0502,Question includes concept/source provenance. | Server rejects malformed/unsupported generated question payload. | Answer key is not exposed before completion where inappropriate.,US-0601-T05,Add groundedness/schema tests,Test,2
E6,Quiz & Flashcard Active Learning,Sprint 9-11,P0,US-0602,Quiz attempt and scoring,Learner,complete a quiz and receive consistent results,P0,8,US-0601,Attempt can save/replace answers until completion. | Complete is idempotent and locks final score. | Objective questions score deterministically.,US-0602-T01,Implement QuizAttempt/QuizAnswer aggregates,Core,3
E6,Quiz & Flashcard Active Learning,Sprint 9-11,P0,US-0602,Quiz attempt and scoring,Learner,complete a quiz and receive consistent results,P0,8,US-0601,Attempt can save/replace answers until completion. | Complete is idempotent and locks final score. | Objective questions score deterministically.,US-0602-T02,Implement start/save/complete endpoints,Core,3
E6,Quiz & Flashcard Active Learning,Sprint 9-11,P0,US-0602,Quiz attempt and scoring,Learner,complete a quiz and receive consistent results,P0,8,US-0601,Attempt can save/replace answers until completion. | Complete is idempotent and locks final score. | Objective questions score deterministically.,US-0602-T03,Implement deterministic scoring strategies,Core,2
E6,Quiz & Flashcard Active Learning,Sprint 9-11,P0,US-0602,Quiz attempt and scoring,Learner,complete a quiz and receive consistent results,P0,8,US-0601,Attempt can save/replace answers until completion. | Complete is idempotent and locks final score. | Objective questions score deterministically.,US-0602-T04,Build attempt/result UI,Web,3
E6,Quiz & Flashcard Active Learning,Sprint 9-11,P0,US-0602,Quiz attempt and scoring,Learner,complete a quiz and receive consistent results,P0,8,US-0601,Attempt can save/replace answers until completion. | Complete is idempotent and locks final score. | Objective questions score deterministically.,US-0602-T05,Add duplicate-complete and authorization tests,Test,2
E6,Quiz & Flashcard Active Learning,Sprint 9-11,P0,US-0603,Flashcard generation,Learner,turn source concepts into reviewable recall prompts,P0,5,US-0502,Generated cards preserve source/chunk/concept provenance where available. | Duplicate generation does not silently duplicate same job.,US-0603-T01,Implement flashcard generation schema/prompt,AI,2
E6,Quiz & Flashcard Active Learning,Sprint 9-11,P0,US-0603,Flashcard generation,Learner,turn source concepts into reviewable recall prompts,P0,5,US-0502,Generated cards preserve source/chunk/concept provenance where available. | Duplicate generation does not silently duplicate same job.,US-0603-T02,Persist deck/cards and provenance,Core,2
E6,Quiz & Flashcard Active Learning,Sprint 9-11,P0,US-0603,Flashcard generation,Learner,turn source concepts into reviewable recall prompts,P0,5,US-0502,Generated cards preserve source/chunk/concept provenance where available. | Duplicate generation does not silently duplicate same job.,US-0603-T03,Build deck/card UI,Web,2
E6,Quiz & Flashcard Active Learning,Sprint 9-11,P0,US-0604,Spaced review scheduler,Learner,review cards at deterministic due times based on my history,P0,8,US-0603,Queue returns only current user due cards. | Grade produces deterministic next state/date. | Concurrent duplicate review cannot be applied twice.,US-0604-T01,Define ReviewScheduler interface/state model,Core,2
E6,Quiz & Flashcard Active Learning,Sprint 9-11,P0,US-0604,Spaced review scheduler,Learner,review cards at deterministic due times based on my history,P0,8,US-0603,Queue returns only current user due cards. | Grade produces deterministic next state/date. | Concurrent duplicate review cannot be applied twice.,US-0604-T02,Implement initial validated scheduling algorithm,Core,3
E6,Quiz & Flashcard Active Learning,Sprint 9-11,P0,US-0604,Spaced review scheduler,Learner,review cards at deterministic due times based on my history,P0,8,US-0603,Queue returns only current user due cards. | Grade produces deterministic next state/date. | Concurrent duplicate review cannot be applied twice.,US-0604-T03,Implement review queue query,Core,2
E6,Quiz & Flashcard Active Learning,Sprint 9-11,P0,US-0604,Spaced review scheduler,Learner,review cards at deterministic due times based on my history,P0,8,US-0603,Queue returns only current user due cards. | Grade produces deterministic next state/date. | Concurrent duplicate review cannot be applied twice.,US-0604-T04,Implement grade transaction/history,Core,3
E6,Quiz & Flashcard Active Learning,Sprint 9-11,P0,US-0604,Spaced review scheduler,Learner,review cards at deterministic due times based on my history,P0,8,US-0603,Queue returns only current user due cards. | Grade produces deterministic next state/date. | Concurrent duplicate review cannot be applied twice.,US-0604-T05,Build review UI,Web,3
E6,Quiz & Flashcard Active Learning,Sprint 9-11,P0,US-0604,Spaced review scheduler,Learner,review cards at deterministic due times based on my history,P0,8,US-0603,Queue returns only current user due cards. | Grade produces deterministic next state/date. | Concurrent duplicate review cannot be applied twice.,US-0604-T06,Add property/unit tests for scheduler,Test,3
E7,Learning State & Adaptive Recommendations,Sprint 10-12,P0,US-0701,Mastery evidence from quiz,Learner,have demonstrated quiz performance update my learning state,P0,8,US-0602;US-0305,Quiz completion creates evidence per covered concept. | Mastery and confidence update is explainable from stored evidence. | Repeating completion does not duplicate evidence.,US-0701-T01,Define mastery update algorithm v0,Core,3
E7,Learning State & Adaptive Recommendations,Sprint 10-12,P0,US-0701,Mastery evidence from quiz,Learner,have demonstrated quiz performance update my learning state,P0,8,US-0602;US-0305,Quiz completion creates evidence per covered concept. | Mastery and confidence update is explainable from stored evidence. | Repeating completion does not duplicate evidence.,US-0701-T02,Implement MasteryEvidence append model,Core,2
E7,Learning State & Adaptive Recommendations,Sprint 10-12,P0,US-0701,Mastery evidence from quiz,Learner,have demonstrated quiz performance update my learning state,P0,8,US-0602;US-0305,Quiz completion creates evidence per covered concept. | Mastery and confidence update is explainable from stored evidence. | Repeating completion does not duplicate evidence.,US-0701-T03,Implement mastery projection update with concurrency control,Core,3
E7,Learning State & Adaptive Recommendations,Sprint 10-12,P0,US-0701,Mastery evidence from quiz,Learner,have demonstrated quiz performance update my learning state,P0,8,US-0602;US-0305,Quiz completion creates evidence per covered concept. | Mastery and confidence update is explainable from stored evidence. | Repeating completion does not duplicate evidence.,US-0701-T04,Wire quiz completion to evidence,Core,2
E7,Learning State & Adaptive Recommendations,Sprint 10-12,P0,US-0701,Mastery evidence from quiz,Learner,have demonstrated quiz performance update my learning state,P0,8,US-0602;US-0305,Quiz completion creates evidence per covered concept. | Mastery and confidence update is explainable from stored evidence. | Repeating completion does not duplicate evidence.,US-0701-T05,Add algorithm examples/golden tests,Test,2
E7,Learning State & Adaptive Recommendations,Sprint 10-12,P0,US-0702,Retention evidence from flashcard reviews,Learner,have delayed recall affect mastery more than passive viewing,P0,5,US-0604;US-0701,Concept-linked review creates weighted evidence. | Immediate repeated reviews do not unrealistically inflate mastery.,US-0702-T01,Define recall evidence weighting rule,Core,2
E7,Learning State & Adaptive Recommendations,Sprint 10-12,P0,US-0702,Retention evidence from flashcard reviews,Learner,have delayed recall affect mastery more than passive viewing,P0,5,US-0604;US-0701,Concept-linked review creates weighted evidence. | Immediate repeated reviews do not unrealistically inflate mastery.,US-0702-T02,Wire review transaction to mastery evidence,Core,2
E7,Learning State & Adaptive Recommendations,Sprint 10-12,P0,US-0702,Retention evidence from flashcard reviews,Learner,have delayed recall affect mastery more than passive viewing,P0,5,US-0604;US-0701,Concept-linked review creates weighted evidence. | Immediate repeated reviews do not unrealistically inflate mastery.,US-0702-T03,Add delayed/immediate review tests,Test,2
E7,Learning State & Adaptive Recommendations,Sprint 10-12,P0,US-0703,Mastery and concept APIs,Learner,"see what I know, what is uncertain and why",P0,5,US-0701,"Mastery API returns score, confidence, evidence count and last evidence time. | Concept API returns notebook-scoped concept relationships.",US-0703-T01,Implement concept projection query,Core,2
E7,Learning State & Adaptive Recommendations,Sprint 10-12,P0,US-0703,Mastery and concept APIs,Learner,"see what I know, what is uncertain and why",P0,5,US-0701,"Mastery API returns score, confidence, evidence count and last evidence time. | Concept API returns notebook-scoped concept relationships.",US-0703-T02,Implement mastery query endpoint,Core,2
E7,Learning State & Adaptive Recommendations,Sprint 10-12,P0,US-0703,Mastery and concept APIs,Learner,"see what I know, what is uncertain and why",P0,5,US-0701,"Mastery API returns score, confidence, evidence count and last evidence time. | Concept API returns notebook-scoped concept relationships.",US-0703-T03,Build mastery/weak-concepts UI,Web,2
E7,Learning State & Adaptive Recommendations,Sprint 10-12,P0,US-0704,Explainable recommendation engine v0,Learner,"know the best next learning action based on goal, gaps and review urgency",P1,8,US-0702;US-0202,Recommendation priority uses transparent rules/weights. | Every recommendation includes reason factors. | Engine never recommends inaccessible notebook/source.,US-0704-T01,Define candidate action model and score weights,Core,2
E7,Learning State & Adaptive Recommendations,Sprint 10-12,P0,US-0704,Explainable recommendation engine v0,Learner,"know the best next learning action based on goal, gaps and review urgency",P1,8,US-0702;US-0202,Recommendation priority uses transparent rules/weights. | Every recommendation includes reason factors. | Engine never recommends inaccessible notebook/source.,US-0704-T02,Implement recommendation generation service,Core,3
E7,Learning State & Adaptive Recommendations,Sprint 10-12,P0,US-0704,Explainable recommendation engine v0,Learner,"know the best next learning action based on goal, gaps and review urgency",P1,8,US-0702;US-0202,Recommendation priority uses transparent rules/weights. | Every recommendation includes reason factors. | Engine never recommends inaccessible notebook/source.,US-0704-T03,Persist recommendation snapshot/reason JSON,Database,1
E7,Learning State & Adaptive Recommendations,Sprint 10-12,P0,US-0704,Explainable recommendation engine v0,Learner,"know the best next learning action based on goal, gaps and review urgency",P1,8,US-0702;US-0202,Recommendation priority uses transparent rules/weights. | Every recommendation includes reason factors. | Engine never recommends inaccessible notebook/source.,US-0704-T04,Implement recommendations endpoint,Core,2
E7,Learning State & Adaptive Recommendations,Sprint 10-12,P0,US-0704,Explainable recommendation engine v0,Learner,"know the best next learning action based on goal, gaps and review urgency",P1,8,US-0702;US-0202,Recommendation priority uses transparent rules/weights. | Every recommendation includes reason factors. | Engine never recommends inaccessible notebook/source.,US-0704-T05,Build Today/Next Action UI,Web,3
E7,Learning State & Adaptive Recommendations,Sprint 10-12,P0,US-0704,Explainable recommendation engine v0,Learner,"know the best next learning action based on goal, gaps and review urgency",P1,8,US-0702;US-0202,Recommendation priority uses transparent rules/weights. | Every recommendation includes reason factors. | Engine never recommends inaccessible notebook/source.,US-0704-T06,Add explainability/authorization tests,Test,2
E8,YouTube Language Lab,Sprint 12-13,P1,US-0801,YouTube source and transcript pipeline,Language learner,import a video as a timestamped learning source when transcript access is available,P1,8,US-0302,URL is classified as YOUTUBE and remains tenant scoped. | Transcript provider abstraction returns timestamped segments or explicit unavailable state. | Provider failure does not fabricate transcript text.,US-0801-T01,Implement YouTube URL classifier/metadata parser,Worker,2
E8,YouTube Language Lab,Sprint 12-13,P1,US-0801,YouTube source and transcript pipeline,Language learner,import a video as a timestamped learning source when transcript access is available,P1,8,US-0302,URL is classified as YOUTUBE and remains tenant scoped. | Transcript provider abstraction returns timestamped segments or explicit unavailable state. | Provider failure does not fabricate transcript text.,US-0801-T02,Define TranscriptProvider abstraction,Worker,2
E8,YouTube Language Lab,Sprint 12-13,P1,US-0801,YouTube source and transcript pipeline,Language learner,import a video as a timestamped learning source when transcript access is available,P1,8,US-0302,URL is classified as YOUTUBE and remains tenant scoped. | Transcript provider abstraction returns timestamped segments or explicit unavailable state. | Provider failure does not fabricate transcript text.,US-0801-T03,Implement first permitted/manual provider adapter,Worker,3
E8,YouTube Language Lab,Sprint 12-13,P1,US-0801,YouTube source and transcript pipeline,Language learner,import a video as a timestamped learning source when transcript access is available,P1,8,US-0302,URL is classified as YOUTUBE and remains tenant scoped. | Transcript provider abstraction returns timestamped segments or explicit unavailable state. | Provider failure does not fabricate transcript text.,US-0801-T04,Persist transcript segments,Database,2
E8,YouTube Language Lab,Sprint 12-13,P1,US-0801,YouTube source and transcript pipeline,Language learner,import a video as a timestamped learning source when transcript access is available,P1,8,US-0302,URL is classified as YOUTUBE and remains tenant scoped. | Transcript provider abstraction returns timestamped segments or explicit unavailable state. | Provider failure does not fabricate transcript text.,US-0801-T05,Publish transcript ready/failure events,Worker,1
E8,YouTube Language Lab,Sprint 12-13,P1,US-0802,Transcript learning UI,Language learner,navigate video and transcript together,P1,5,US-0801,Transcript displays timestamped segments. | Selecting a segment can seek video and launch analysis.,US-0802-T01,Implement transcript REST endpoint,Core,1
E8,YouTube Language Lab,Sprint 12-13,P1,US-0802,Transcript learning UI,Language learner,navigate video and transcript together,P1,5,US-0801,Transcript displays timestamped segments. | Selecting a segment can seek video and launch analysis.,US-0802-T02,Build synchronized video/transcript panel,Web,3
E8,YouTube Language Lab,Sprint 12-13,P1,US-0802,Transcript learning UI,Language learner,navigate video and transcript together,P1,5,US-0801,Transcript displays timestamped segments. | Selecting a segment can seek video and launch analysis.,US-0802-T03,Add segment selection/seek behavior,Web,2
E8,YouTube Language Lab,Sprint 12-13,P1,US-0803,Sentence translation/vocabulary/grammar analysis,Language learner,understand a selected authentic sentence without switching tools,P1,8,US-0802;US-0402,"Analysis returns structured translation, vocabulary and grammar fields. | AI receives learner level and source sentence as data, not authority. | Invalid model output is rejected/retried/fails safely.",US-0803-T01,Implement language analysis Pydantic schemas,AI,2
E8,YouTube Language Lab,Sprint 12-13,P1,US-0803,Sentence translation/vocabulary/grammar analysis,Language learner,understand a selected authentic sentence without switching tools,P1,8,US-0802;US-0402,"Analysis returns structured translation, vocabulary and grammar fields. | AI receives learner level and source sentence as data, not authority. | Invalid model output is rejected/retried/fails safely.",US-0803-T02,Implement language prompt/model route,AI,2
E8,YouTube Language Lab,Sprint 12-13,P1,US-0803,Sentence translation/vocabulary/grammar analysis,Language learner,understand a selected authentic sentence without switching tools,P1,8,US-0802;US-0402,"Analysis returns structured translation, vocabulary and grammar fields. | AI receives learner level and source sentence as data, not authority. | Invalid model output is rejected/retried/fails safely.",US-0803-T03,Implement Core language endpoint/AI client,Core,2
E8,YouTube Language Lab,Sprint 12-13,P1,US-0803,Sentence translation/vocabulary/grammar analysis,Language learner,understand a selected authentic sentence without switching tools,P1,8,US-0802;US-0402,"Analysis returns structured translation, vocabulary and grammar fields. | AI receives learner level and source sentence as data, not authority. | Invalid model output is rejected/retried/fails safely.",US-0803-T04,Build analysis panel UI,Web,3
E8,YouTube Language Lab,Sprint 12-13,P1,US-0803,Sentence translation/vocabulary/grammar analysis,Language learner,understand a selected authentic sentence without switching tools,P1,8,US-0802;US-0402,"Analysis returns structured translation, vocabulary and grammar fields. | AI receives learner level and source sentence as data, not authority. | Invalid model output is rejected/retried/fails safely.",US-0803-T05,Add structured-output tests,Test,2
E8,YouTube Language Lab,Sprint 12-13,P1,US-0804,Save vocabulary to review,Language learner,save a useful word/phrase with context and optionally create a flashcard,P1,5,US-0803;US-0604,Saved item retains source/segment context. | Create-flashcard uses the existing Review module and scheduler.,US-0804-T01,Implement VocabularyItem aggregate/repository,Core,2
E8,YouTube Language Lab,Sprint 12-13,P1,US-0804,Save vocabulary to review,Language learner,save a useful word/phrase with context and optionally create a flashcard,P1,5,US-0803;US-0604,Saved item retains source/segment context. | Create-flashcard uses the existing Review module and scheduler.,US-0804-T02,Implement vocabulary REST endpoints,Core,1
E8,YouTube Language Lab,Sprint 12-13,P1,US-0804,Save vocabulary to review,Language learner,save a useful word/phrase with context and optionally create a flashcard,P1,5,US-0803;US-0604,Saved item retains source/segment context. | Create-flashcard uses the existing Review module and scheduler.,US-0804-T03,Implement vocabulary-to-flashcard application port,Core,2
E8,YouTube Language Lab,Sprint 12-13,P1,US-0804,Save vocabulary to review,Language learner,save a useful word/phrase with context and optionally create a flashcard,P1,5,US-0803;US-0604,Saved item retains source/segment context. | Create-flashcard uses the existing Review module and scheduler.,US-0804-T04,Build save/review UX,Web,2
E9,Adaptive Tutor Modes,Sprint 14,P1,US-0901,Socratic tutor mode,Learner,be guided by questions rather than receiving an immediate answer,P1,8,US-0404;US-0703,Mode uses notebook evidence and learner state context. | Tutor can ask/follow up but cannot mutate mastery merely by conversation.,US-0901-T01,Define tutor state contract,AI,2
E9,Adaptive Tutor Modes,Sprint 14,P1,US-0901,Socratic tutor mode,Learner,be guided by questions rather than receiving an immediate answer,P1,8,US-0404;US-0703,Mode uses notebook evidence and learner state context. | Tutor can ask/follow up but cannot mutate mastery merely by conversation.,US-0901-T02,Implement Socratic workflow,AI,3
E9,Adaptive Tutor Modes,Sprint 14,P1,US-0901,Socratic tutor mode,Learner,be guided by questions rather than receiving an immediate answer,P1,8,US-0404;US-0703,Mode uses notebook evidence and learner state context. | Tutor can ask/follow up but cannot mutate mastery merely by conversation.,US-0901-T03,Add mode handling in conversation protocol,Core,2
E9,Adaptive Tutor Modes,Sprint 14,P1,US-0901,Socratic tutor mode,Learner,be guided by questions rather than receiving an immediate answer,P1,8,US-0404;US-0703,Mode uses notebook evidence and learner state context. | Tutor can ask/follow up but cannot mutate mastery merely by conversation.,US-0901-T04,Build tutor mode selector/UX,Web,2
E9,Adaptive Tutor Modes,Sprint 14,P1,US-0901,Socratic tutor mode,Learner,be guided by questions rather than receiving an immediate answer,P1,8,US-0404;US-0703,Mode uses notebook evidence and learner state context. | Tutor can ask/follow up but cannot mutate mastery merely by conversation.,US-0901-T05,Add groundedness/tutor behavior tests,Test,2
E9,Adaptive Tutor Modes,Sprint 14,P1,US-0902,Feynman evaluation mode,Learner,explain a concept and receive structured feedback on gaps/misconceptions,P1,8,US-0901,AI returns structured rubric with correct/missing/misconception sections. | Any mastery evidence from rubric is conservative and must pass Core validation.,US-0902-T01,Define Feynman rubric schema,AI,2
E9,Adaptive Tutor Modes,Sprint 14,P1,US-0902,Feynman evaluation mode,Learner,explain a concept and receive structured feedback on gaps/misconceptions,P1,8,US-0901,AI returns structured rubric with correct/missing/misconception sections. | Any mastery evidence from rubric is conservative and must pass Core validation.,US-0902-T02,Implement grounded Feynman evaluator,AI,3
E9,Adaptive Tutor Modes,Sprint 14,P1,US-0902,Feynman evaluation mode,Learner,explain a concept and receive structured feedback on gaps/misconceptions,P1,8,US-0901,AI returns structured rubric with correct/missing/misconception sections. | Any mastery evidence from rubric is conservative and must pass Core validation.,US-0902-T03,Define Core evidence policy for rubric scores,Core,2
E9,Adaptive Tutor Modes,Sprint 14,P1,US-0902,Feynman evaluation mode,Learner,explain a concept and receive structured feedback on gaps/misconceptions,P1,8,US-0901,AI returns structured rubric with correct/missing/misconception sections. | Any mastery evidence from rubric is conservative and must pass Core validation.,US-0902-T04,Add evaluation calibration fixtures,Test,2
E10,"Observability, Security & Production",Sprint 0-16,P0,US-1001,Distributed tracing and structured logs,Operator,"trace one user action across Core, AI, RabbitMQ and workers",P0,8,US-0001,"HTTP/internal HTTP/RabbitMQ spans share trace context. | Logs include service, environment, traceId and safe resource identifiers. | Raw secrets/source content are not logged by default.",US-1001-T01,Add OpenTelemetry to Core,Observability,2
E10,"Observability, Security & Production",Sprint 0-16,P0,US-1001,Distributed tracing and structured logs,Operator,"trace one user action across Core, AI, RabbitMQ and workers",P0,8,US-0001,"HTTP/internal HTTP/RabbitMQ spans share trace context. | Logs include service, environment, traceId and safe resource identifiers. | Raw secrets/source content are not logged by default.",US-1001-T02,Add OpenTelemetry to FastAPI/worker,Observability,2
E10,"Observability, Security & Production",Sprint 0-16,P0,US-1001,Distributed tracing and structured logs,Operator,"trace one user action across Core, AI, RabbitMQ and workers",P0,8,US-0001,"HTTP/internal HTTP/RabbitMQ spans share trace context. | Logs include service, environment, traceId and safe resource identifiers. | Raw secrets/source content are not logged by default.",US-1001-T03,Propagate trace/correlation headers/events,Observability,2
E10,"Observability, Security & Production",Sprint 0-16,P0,US-1001,Distributed tracing and structured logs,Operator,"trace one user action across Core, AI, RabbitMQ and workers",P0,8,US-0001,"HTTP/internal HTTP/RabbitMQ spans share trace context. | Logs include service, environment, traceId and safe resource identifiers. | Raw secrets/source content are not logged by default.",US-1001-T04,Implement structured JSON logging/redaction,Observability,2
E10,"Observability, Security & Production",Sprint 0-16,P0,US-1001,Distributed tracing and structured logs,Operator,"trace one user action across Core, AI, RabbitMQ and workers",P0,8,US-0001,"HTTP/internal HTTP/RabbitMQ spans share trace context. | Logs include service, environment, traceId and safe resource identifiers. | Raw secrets/source content are not logged by default.",US-1001-T05,Create trace smoke test,Test,1
E10,"Observability, Security & Production",Sprint 0-16,P0,US-1002,Metrics and dashboards,Operator,"see platform, queue and AI health before users report problems",P0,8,US-1001,"Dashboard includes API latency/errors, queue depth/age, worker failures, WS connections and AI cost/latency. | Alert thresholds exist for critical failures.",US-1002-T01,Expose Core/AI/worker metrics,Observability,2
E10,"Observability, Security & Production",Sprint 0-16,P0,US-1002,Metrics and dashboards,Operator,"see platform, queue and AI health before users report problems",P0,8,US-1001,"Dashboard includes API latency/errors, queue depth/age, worker failures, WS connections and AI cost/latency. | Alert thresholds exist for critical failures.",US-1002-T02,Configure collector/metrics backend for local/staging,Observability,2
E10,"Observability, Security & Production",Sprint 0-16,P0,US-1002,Metrics and dashboards,Operator,"see platform, queue and AI health before users report problems",P0,8,US-1001,"Dashboard includes API latency/errors, queue depth/age, worker failures, WS connections and AI cost/latency. | Alert thresholds exist for critical failures.",US-1002-T03,Create ingestion dashboard,Observability,2
E10,"Observability, Security & Production",Sprint 0-16,P0,US-1002,Metrics and dashboards,Operator,"see platform, queue and AI health before users report problems",P0,8,US-1001,"Dashboard includes API latency/errors, queue depth/age, worker failures, WS connections and AI cost/latency. | Alert thresholds exist for critical failures.",US-1002-T04,Create chat/AI cost dashboard,Observability,2
E10,"Observability, Security & Production",Sprint 0-16,P0,US-1002,Metrics and dashboards,Operator,"see platform, queue and AI health before users report problems",P0,8,US-1001,"Dashboard includes API latency/errors, queue depth/age, worker failures, WS connections and AI cost/latency. | Alert thresholds exist for critical failures.",US-1002-T05,Define baseline alerts,Operations,2
E10,"Observability, Security & Production",Sprint 0-16,P0,US-1003,AI and tenant security test suite,Operator,prevent prompt/data boundaries from becoming production vulnerabilities,P0,8,US-0402;US-0103,Cross-tenant access tests exist for every high-risk resource. | Prompt-injection corpus confirms retrieved content cannot grant tools/permissions. | URL ingestion blocks SSRF to private/metadata networks.,US-1003-T01,Build authorization matrix integration suite,Security,3
E10,"Observability, Security & Production",Sprint 0-16,P0,US-1003,AI and tenant security test suite,Operator,prevent prompt/data boundaries from becoming production vulnerabilities,P0,8,US-0402;US-0103,Cross-tenant access tests exist for every high-risk resource. | Prompt-injection corpus confirms retrieved content cannot grant tools/permissions. | URL ingestion blocks SSRF to private/metadata networks.,US-1003-T02,Build indirect prompt injection test corpus,Security,3
E10,"Observability, Security & Production",Sprint 0-16,P0,US-1003,AI and tenant security test suite,Operator,prevent prompt/data boundaries from becoming production vulnerabilities,P0,8,US-0402;US-0103,Cross-tenant access tests exist for every high-risk resource. | Prompt-injection corpus confirms retrieved content cannot grant tools/permissions. | URL ingestion blocks SSRF to private/metadata networks.,US-1003-T03,Add SSRF/private-network URL tests,Security,2
E10,"Observability, Security & Production",Sprint 0-16,P0,US-1003,AI and tenant security test suite,Operator,prevent prompt/data boundaries from becoming production vulnerabilities,P0,8,US-0402;US-0103,Cross-tenant access tests exist for every high-risk resource. | Prompt-injection corpus confirms retrieved content cannot grant tools/permissions. | URL ingestion blocks SSRF to private/metadata networks.,US-1003-T04,Add dependency/SAST scanning to CI,DevOps,2
E10,"Observability, Security & Production",Sprint 0-16,P0,US-1004,"Rate limits, quotas and cost accounting",Operator,protect provider cost and platform capacity,P0,8,US-0101;US-0404,AI requests are limited by user/plan and active-generation concurrency. | Model/token/cost metrics are persisted per AI run. | Quota errors are stable and visible to client.,US-1004-T01,Implement Redis-backed rate limit abstraction,Core,2
E10,"Observability, Security & Production",Sprint 0-16,P0,US-1004,"Rate limits, quotas and cost accounting",Operator,protect provider cost and platform capacity,P0,8,US-0101;US-0404,AI requests are limited by user/plan and active-generation concurrency. | Model/token/cost metrics are persisted per AI run. | Quota errors are stable and visible to client.,US-1004-T02,Implement AI usage recording,AI,2
E10,"Observability, Security & Production",Sprint 0-16,P0,US-1004,"Rate limits, quotas and cost accounting",Operator,protect provider cost and platform capacity,P0,8,US-0101;US-0404,AI requests are limited by user/plan and active-generation concurrency. | Model/token/cost metrics are persisted per AI run. | Quota errors are stable and visible to client.,US-1004-T03,Implement plan quota policy,Core,3
E10,"Observability, Security & Production",Sprint 0-16,P0,US-1004,"Rate limits, quotas and cost accounting",Operator,protect provider cost and platform capacity,P0,8,US-0101;US-0404,AI requests are limited by user/plan and active-generation concurrency. | Model/token/cost metrics are persisted per AI run. | Quota errors are stable and visible to client.,US-1004-T04,Integrate quota checks in WS/artifact flows,Core,2
E10,"Observability, Security & Production",Sprint 0-16,P0,US-1004,"Rate limits, quotas and cost accounting",Operator,protect provider cost and platform capacity,P0,8,US-0101;US-0404,AI requests are limited by user/plan and active-generation concurrency. | Model/token/cost metrics are persisted per AI run. | Quota errors are stable and visible to client.,US-1004-T05,Add denial-of-wallet tests,Security,2
E10,"Observability, Security & Production",Sprint 0-16,P0,US-1005,Production AWS deployment with Terraform,Operator,deploy reproducibly without manual snowflake infrastructure,P0,13,US-0003;US-1001,"Terraform creates environment infrastructure from reviewed configuration. | CI deploys immutable images to staging and supports controlled promotion. | TLS, secrets, backups and rollback procedure are documented/tested.",US-1005-T01,Design VPC/network/security groups,Infrastructure,3
E10,"Observability, Security & Production",Sprint 0-16,P0,US-1005,Production AWS deployment with Terraform,Operator,deploy reproducibly without manual snowflake infrastructure,P0,13,US-0003;US-1001,"Terraform creates environment infrastructure from reviewed configuration. | CI deploys immutable images to staging and supports controlled promotion. | TLS, secrets, backups and rollback procedure are documented/tested.",US-1005-T02,Terraform RDS PostgreSQL and S3,Infrastructure,3
E10,"Observability, Security & Production",Sprint 0-16,P0,US-1005,Production AWS deployment with Terraform,Operator,deploy reproducibly without manual snowflake infrastructure,P0,13,US-0003;US-1001,"Terraform creates environment infrastructure from reviewed configuration. | CI deploys immutable images to staging and supports controlled promotion. | TLS, secrets, backups and rollback procedure are documented/tested.",US-1005-T03,Terraform Redis/broker/runtime services,Infrastructure,4
E10,"Observability, Security & Production",Sprint 0-16,P0,US-1005,Production AWS deployment with Terraform,Operator,deploy reproducibly without manual snowflake infrastructure,P0,13,US-0003;US-1001,"Terraform creates environment infrastructure from reviewed configuration. | CI deploys immutable images to staging and supports controlled promotion. | TLS, secrets, backups and rollback procedure are documented/tested.",US-1005-T04,Configure secrets management and IAM least privilege,Security,3
E10,"Observability, Security & Production",Sprint 0-16,P0,US-1005,Production AWS deployment with Terraform,Operator,deploy reproducibly without manual snowflake infrastructure,P0,13,US-0003;US-1001,"Terraform creates environment infrastructure from reviewed configuration. | CI deploys immutable images to staging and supports controlled promotion. | TLS, secrets, backups and rollback procedure are documented/tested.",US-1005-T05,Build/push immutable Docker images,DevOps,2
E10,"Observability, Security & Production",Sprint 0-16,P0,US-1005,Production AWS deployment with Terraform,Operator,deploy reproducibly without manual snowflake infrastructure,P0,13,US-0003;US-1001,"Terraform creates environment infrastructure from reviewed configuration. | CI deploys immutable images to staging and supports controlled promotion. | TLS, secrets, backups and rollback procedure are documented/tested.",US-1005-T06,Implement staging deployment pipeline,DevOps,3
E10,"Observability, Security & Production",Sprint 0-16,P0,US-1005,Production AWS deployment with Terraform,Operator,deploy reproducibly without manual snowflake infrastructure,P0,13,US-0003;US-1001,"Terraform creates environment infrastructure from reviewed configuration. | CI deploys immutable images to staging and supports controlled promotion. | TLS, secrets, backups and rollback procedure are documented/tested.",US-1005-T07,Document migration/rollback/runbooks,Operations,3
E10,"Observability, Security & Production",Sprint 0-16,P0,US-1005,Production AWS deployment with Terraform,Operator,deploy reproducibly without manual snowflake infrastructure,P0,13,US-0003;US-1001,"Terraform creates environment infrastructure from reviewed configuration. | CI deploys immutable images to staging and supports controlled promotion. | TLS, secrets, backups and rollback procedure are documented/tested.",US-1005-T08,Run backup/restore rehearsal,Operations,2
E10,"Observability, Security & Production",Sprint 0-16,P0,US-1006,Load and resilience test,Operator,know the first bottlenecks before public beta,P1,8,US-0404;US-1002,"k6 test covers CRUD, chat start/WS concurrency and ingestion burst. | Results capture p95, error rates, resource usage and bottlenecks.",US-1006-T01,Create k6 REST scenarios,Test,2
E10,"Observability, Security & Production",Sprint 0-16,P0,US-1006,Load and resilience test,Operator,know the first bottlenecks before public beta,P1,8,US-0404;US-1002,"k6 test covers CRUD, chat start/WS concurrency and ingestion burst. | Results capture p95, error rates, resource usage and bottlenecks.",US-1006-T02,Create WebSocket concurrency scenario,Test,3
E10,"Observability, Security & Production",Sprint 0-16,P0,US-1006,Load and resilience test,Operator,know the first bottlenecks before public beta,P1,8,US-0404;US-1002,"k6 test covers CRUD, chat start/WS concurrency and ingestion burst. | Results capture p95, error rates, resource usage and bottlenecks.",US-1006-T03,Create ingestion burst scenario,Test,2
E10,"Observability, Security & Production",Sprint 0-16,P0,US-1006,Load and resilience test,Operator,know the first bottlenecks before public beta,P1,8,US-0404;US-1002,"k6 test covers CRUD, chat start/WS concurrency and ingestion burst. | Results capture p95, error rates, resource usage and bottlenecks.",US-1006-T04,Run failure injection for provider/broker restart,Test,2
E10,"Observability, Security & Production",Sprint 0-16,P0,US-1006,Load and resilience test,Operator,know the first bottlenecks before public beta,P1,8,US-0404;US-1002,"k6 test covers CRUD, chat start/WS concurrency and ingestion burst. | Results capture p95, error rates, resource usage and bottlenecks.",US-1006-T05,Write load-test report and tuning actions,Operations,2
E11,Product Analytics & Beta Validation,Sprint 15-16,P1,US-1101,Product event taxonomy,Product owner,measure the full source-to-mastery funnel,P1,5,US-0001,Events have stable names/properties and avoid sensitive raw content. | Activation and learning-loop events can be queried end-to-end.,US-1101-T01,Define analytics event catalog,Analytics,2
E11,Product Analytics & Beta Validation,Sprint 15-16,P1,US-1101,Product event taxonomy,Product owner,measure the full source-to-mastery funnel,P1,5,US-0001,Events have stable names/properties and avoid sensitive raw content. | Activation and learning-loop events can be queried end-to-end.,US-1101-T02,Implement server-side event emitter,Core,2
E11,Product Analytics & Beta Validation,Sprint 15-16,P1,US-1101,Product event taxonomy,Product owner,measure the full source-to-mastery funnel,P1,5,US-0001,Events have stable names/properties and avoid sensitive raw content. | Activation and learning-loop events can be queried end-to-end.,US-1101-T03,Instrument web funnel events,Web,2
E11,Product Analytics & Beta Validation,Sprint 15-16,P1,US-1101,Product event taxonomy,Product owner,measure the full source-to-mastery funnel,P1,5,US-0001,Events have stable names/properties and avoid sensitive raw content. | Activation and learning-loop events can be queried end-to-end.,US-1101-T04,Validate events in staging,Test,1
E11,Product Analytics & Beta Validation,Sprint 15-16,P1,US-1102,Learning overview analytics,Learner,see outcome-focused progress rather than only time spent,P1,5,US-0703;US-1101,"Overview includes study activity, quiz/review outcomes and mastery changes. | Metrics clearly distinguish activity from demonstrated mastery.",US-1102-T01,Implement analytics read queries,Analytics,2
E11,Product Analytics & Beta Validation,Sprint 15-16,P1,US-1102,Learning overview analytics,Learner,see outcome-focused progress rather than only time spent,P1,5,US-0703;US-1101,"Overview includes study activity, quiz/review outcomes and mastery changes. | Metrics clearly distinguish activity from demonstrated mastery.",US-1102-T02,Implement overview endpoints,Core,1
E11,Product Analytics & Beta Validation,Sprint 15-16,P1,US-1102,Learning overview analytics,Learner,see outcome-focused progress rather than only time spent,P1,5,US-0703;US-1101,"Overview includes study activity, quiz/review outcomes and mastery changes. | Metrics clearly distinguish activity from demonstrated mastery.",US-1102-T03,Build dashboard UI,Web,2
E11,Product Analytics & Beta Validation,Sprint 15-16,P1,US-1103,Invite beta cohort and collect feedback,Product owner,validate whether StudyOS closes a real learning loop,P1,5,US-1005;US-1101,"At least first invited cohort can onboard without developer database edits. | Feedback records product goal, distrust points and return intent. | Critical reliability issues are triaged before increasing cohort size.",US-1103-T01,Create beta onboarding checklist,Product,1
E11,Product Analytics & Beta Validation,Sprint 15-16,P1,US-1103,Invite beta cohort and collect feedback,Product owner,validate whether StudyOS closes a real learning loop,P1,5,US-1005;US-1101,"At least first invited cohort can onboard without developer database edits. | Feedback records product goal, distrust points and return intent. | Critical reliability issues are triaged before increasing cohort size.",US-1103-T02,Add in-product feedback entry points,Web,2
E11,Product Analytics & Beta Validation,Sprint 15-16,P1,US-1103,Invite beta cohort and collect feedback,Product owner,validate whether StudyOS closes a real learning loop,P1,5,US-1005;US-1101,"At least first invited cohort can onboard without developer database edits. | Feedback records product goal, distrust points and return intent. | Critical reliability issues are triaged before increasing cohort size.",US-1103-T03,Create operator cohort tracking query/dashboard,Analytics,1
E11,Product Analytics & Beta Validation,Sprint 15-16,P1,US-1103,Invite beta cohort and collect feedback,Product owner,validate whether StudyOS closes a real learning loop,P1,5,US-1005;US-1101,"At least first invited cohort can onboard without developer database edits. | Feedback records product goal, distrust points and return intent. | Critical reliability issues are triaged before increasing cohort size.",US-1103-T04,Run 5-user observation sessions and record issues,Product,3
E11,Product Analytics & Beta Validation,Sprint 15-16,P1,US-1103,Invite beta cohort and collect feedback,Product owner,validate whether StudyOS closes a real learning loop,P1,5,US-1005;US-1101,"At least first invited cohort can onboard without developer database edits. | Feedback records product goal, distrust points and return intent. | Critical reliability issues are triaged before increasing cohort size.",US-1103-T05,Prioritize fixes using value/risk/effort,Product,1
